0,False
1,False
2,False
3,True
4,True
5,True
6,True
7,False
8,False
9,True
10,False
11,True
12,True
13,False
14,False
15,True
16,False
17,True
18,False
19,False
20,False
21,False
22,False
23,True
24,True
25,False
26,True
27,True
28,True
29,False
30,False
31,True
32,True
33,True
34,False
35,True
36,True
37,True
38,False
39,True
40,True
41,True
42,False
43,False
44,False
45,True
46,False
47,True
48,True
49,False
50,True
51,True
52,True
53,True
54,False
55,False
56,True
57,True
58,False
59,False
60,False
61,False
62,True
63,False
64,True
65,True
66,True
67,True
68,True
69,True
70,True
71,True
72,True
73,False
74,False
75,False
76,True
77,True
78,True
79,True
80,True
81,True
82,True
83,True
84,True
85,True
86,True
87,True
88,True
89,False
90,True
91,False
92,True
93,True
94,True
95,False
96,True
97,False
98,True
99,False
100,True
101,False
102,False
103,True
104,True
105,True
106,True
107,False
108,True
109,True
110,True
111,True
112,False
113,False
114,True
115,False
116,False
117,True
118,True
119,True
120,False
121,True
122,False
123,True
124,True
125,False
126,True
127,False
128,False
129,True
130,True
131,False
132,False
133,False
134,False
135,False
136,False
137,False
138,True
139,True
140,True
141,False
142,False
143,False
144,False
145,False
146,False
147,False
148,False
149,False
150,True
151,False
152,False
153,True
154,True
155,False
156,True
157,False
158,False
159,True
160,True
161,True
162,False
163,True
164,False
165,True
166,True
167,True
168,False
169,True
170,True
171,True
172,True
173,True
174,True
175,True
176,True
177,True
178,False
179,False
180,False
181,False
182,False
183,False
184,False
185,True
186,True
187,True
188,False
189,False
190,True
191,True
192,False
193,True
194,False
195,True
196,True
197,False
198,False
199,True
200,True
201,False
202,True
203,True
204,False
205,True
206,False
207,True
208,True
209,True
210,False
211,True
212,False
213,False
214,True
215,True
216,True
217,False
218,False
219,False
220,True
221,False
222,False
223,False
224,True
225,False
226,True
227,True
228,False
229,True
230,False
231,True
232,False
233,True
234,True
235,True
236,True
237,False
238,True
239,False
240,False
241,True
242,True
243,True
244,True
245,True
246,True
247,True
248,True
249,True
250,True
251,True
252,True
253,True
254,False
255,False
256,True
257,False
258,True
259,False
260,True
261,False
262,True
263,False
264,False
265,True
266,False
267,False
268,True
269,True
270,True
271,True
272,True
273,False
274,True
275,True
276,True
277,True
278,False
279,False
280,False
281,True
282,True
283,True
284,True
285,False
286,False
287,False
288,False
289,True
290,True
291,False
292,False
293,False
294,False
295,True
296,False
297,False
298,True
299,True
300,False
301,True
302,True
303,False
304,True
305,False
306,True
307,True
308,False
309,False
310,True
311,False
312,False
313,True
314,False
315,False
316,True
317,False
318,False
319,True
320,False
321,False
322,True
323,True
324,False
325,True
326,True
327,False
328,False
329,False
330,False
331,True
332,False
333,False
334,False
335,True
336,False
337,True
338,False
339,False
340,False
341,False
342,False
343,True
344,True
345,False
346,True
347,True
348,False
349,True
350,False
351,False
352,True
353,False
354,False
355,True
356,False
357,False
358,False
359,False
360,False
361,True
362,False
363,False
364,True
365,False
366,False
367,True
368,False
369,False
370,True
371,False
372,False
373,True
374,True
375,False
376,True
377,True
378,False
379,True
380,True
381,False
382,True
383,False
384,False
385,True
386,False
387,False
388,False
389,True
390,True
391,True
392,False
393,True
394,True
395,True
396,True
397,True
398,False
399,False
400,False
401,True
402,True
403,True
404,False
405,False
406,False
407,True
408,True
409,True
410,False
411,False
412,True
413,False
414,False
415,False
416,True
417,False
418,True
419,False
420,False
421,True
422,True
423,False
424,True
425,True
426,False
427,True
428,False
429,False
430,False
431,True
432,False
433,True
434,True
435,False
436,True
437,False
438,False
439,True
440,True
441,True
442,True
443,False
444,True
445,False
446,True
447,True
448,True
449,True
450,False
451,True
452,True
453,True
454,False
455,True
456,True
457,True
458,False
459,False
460,False
461,False
462,False
463,False
464,False
465,False
466,True
467,True
468,False
469,True
470,False
471,False
472,True
473,True
474,True
475,True
476,True
477,True
478,True
479,True
480,False
481,True
482,True
483,True
484,True
485,True
486,False
487,True
488,False
489,True
490,False
491,True
492,True
493,True
494,False
495,True
496,True
497,True
498,True
499,True
500,True
501,True
502,False
503,False
504,False
505,False
506,False
507,False
508,True
509,False
510,False
511,True
512,False
513,False
514,True
515,False
516,False
517,True
518,True
519,False
520,False
521,False
522,False
523,True
524,True
525,False
526,True
527,True
528,True
529,True
530,True
531,False
532,True
533,False
534,False
535,True
536,False
537,True
538,True
539,True
540,True
541,True
542,False
543,False
544,False
545,False
546,True
547,True
548,True
549,False
550,True
551,True
552,True
553,True
554,False
555,False
556,True
557,True
558,True
559,False
560,False
561,False
562,False
563,False
564,False
565,False
566,False
567,False
568,False
569,False
570,False
571,False
572,True
573,False
574,False
575,True
576,True
577,True
578,False
579,False
580,False
581,False
582,False
583,True
584,True
585,True
586,True
587,True
588,True
589,False
590,False
591,True
592,False
593,True
594,False
595,False
596,False
597,True
598,True
599,False
600,False
601,False
602,True
603,False
604,False
605,True
606,False
607,False
608,True
609,False
610,False
611,False
612,True
613,True
614,True
615,False
616,False
617,False
618,False
619,False
620,True
621,False
622,False
623,False
624,True
625,False
626,True
627,True
628,True
629,True
630,True
631,False
632,True
633,False
634,False
635,True
636,True
637,True
638,True
639,True
640,True
641,True
642,False
643,False
644,True
645,True
646,True
647,True
648,True
649,False
650,False
651,True
652,True
653,True
654,True
655,False
656,True
657,True
658,False
659,True
660,True
661,True
662,True
663,True
664,True
665,True
666,False
667,True
668,False
669,False
670,False
671,False
672,False
673,False
674,False
675,False
676,False
677,False
678,False
679,False
680,True
681,True
682,False
683,True
684,False
685,False
686,True
687,True
688,False
689,True
690,True
691,True
692,True
693,True
694,False
695,True
696,True
697,True
698,True
699,True
700,True
701,True
702,True
703,False
704,True
705,False
706,False
707,True
708,False
709,False
710,True
711,True
712,False
713,True
714,True
715,True
716,True
717,False
718,False
719,True
720,True
721,False
722,False
723,False
724,False
725,True
726,True
727,False
728,True
729,False
730,False
731,True
732,True
733,False
734,True
735,False
736,False
737,True
738,False
739,False
740,True
741,False
742,False
743,True
744,True
745,True
746,False
747,False
748,True
749,False
750,False
751,True
752,True
753,False
754,True
755,True
756,True
757,False
758,False
759,True
760,False
761,False
762,True
763,False
764,True
765,True
766,True
767,True
768,False
769,False
770,True
771,True
772,True
773,True
774,True
775,True
776,True
777,False
778,False
779,True
780,True
781,True
782,True
783,True
784,True
785,True
786,True
787,True
788,True
789,False
790,True
791,True
792,True
793,True
794,True
795,True
796,False
797,False
798,False
799,False
800,False
801,True
802,True
803,False
804,True
805,False
806,False
807,False
808,False
809,True
810,False
811,False
812,False
813,True
814,True
815,True
816,False
817,False
818,True
819,False
820,False
821,True
822,True
823,False
824,True
825,True
826,False
827,True
828,False
829,False
830,True
831,True
832,True
833,True
834,True
835,True
836,True
837,False
838,False
839,True
840,True
841,False
842,True
843,True
844,False
845,True
846,True
847,False
848,True
849,True
850,True
851,True
852,False
853,False
854,False
855,True
856,False
857,False
858,True
859,False
860,True
861,False
862,False
863,False
864,False
865,False
866,True
867,False
868,False
869,True
870,False
871,False
872,True
873,True
874,False
875,True
876,True
877,False
878,False
879,False
880,False
881,False
882,True
883,False
884,True
885,False
886,False
887,False
888,False
889,False
890,True
891,False
892,False
893,True
894,False
895,False
896,True
897,True
898,False
899,True
900,False
901,False
902,True
903,True
904,False
905,True
906,True
907,False
908,True
909,False
910,False
911,True
912,True
913,False
914,False
915,False
916,False
917,True
918,False
919,False
920,True
921,False
922,False
923,True
924,True
925,True
926,True
927,False
928,False
929,True
930,True
931,True
932,True
933,False
934,False
935,True
936,True
937,True
938,False
939,False
940,False
941,True
942,True
943,True
944,True
945,False
946,False
947,False
948,False
949,False
950,True
951,False
952,False
953,True
954,False
955,False
956,True
957,False
958,False
959,False
960,False
961,False
962,True
963,False
964,False
965,True
966,False
967,False
968,True
969,False
970,False
971,False
972,True
973,False
974,True
975,False
976,False
977,True
978,True
979,True
980,False
981,False
982,False
983,True
984,True
985,True
986,False
987,True
988,True
989,True
990,False
991,False
992,True
993,False
994,False
995,False
996,True
997,True
998,True
999,True
1000,False
1001,True
1002,False
1003,False
1004,False
1005,False
1006,False
1007,True
1008,False
1009,False
1010,True
1011,False
1012,False
1013,False
1014,False
1015,False
1016,True
1017,False
1018,False
1019,True
1020,True
1021,True
1022,True
1023,False
1024,False
1025,False
1026,False
1027,False
1028,False
1029,False
1030,False
1031,False
1032,False
1033,True
1034,False
1035,True
1036,False
1037,True
1038,False
1039,False
1040,False
1041,False
1042,False
1043,True
1044,False
1045,False
1046,False
1047,False
1048,False
1049,False
1050,False
1051,False
1052,True
1053,True
1054,True
1055,True
1056,False
1057,False
1058,True
1059,False
1060,False
1061,False
1062,True
1063,True
1064,False
1065,False
1066,False
1067,True
1068,False
1069,False
1070,False
1071,False
1072,False
1073,True
1074,False
1075,False
1076,False
1077,False
1078,False
1079,True
1080,False
1081,False
1082,False
1083,False
1084,True
1085,False
1086,True
1087,True
1088,True
1089,False
1090,False
1091,True
1092,True
1093,False
1094,False
1095,True
1096,False
1097,True
1098,False
1099,False
1100,False
1101,False
1102,False
1103,False
1104,False
1105,False
1106,True
1107,False
1108,False
1109,True
1110,False
1111,False
1112,False
1113,True
1114,False
1115,True
1116,False
1117,False
1118,True
1119,True
1120,False
1121,True
1122,False
1123,False
1124,False
1125,False
1126,False
1127,True
1128,False
1129,False
1130,False
1131,False
1132,False
1133,False
1134,False
1135,False
1136,True
1137,False
1138,False
1139,False
1140,False
1141,False
1142,True
1143,False
1144,False
1145,True
1146,False
1147,False
1148,True
1149,False
1150,False
1151,True
1152,False
1153,False
1154,True
1155,False
1156,False
1157,True
1158,False
1159,False
1160,True
1161,False
1162,False
1163,True
1164,False
1165,False
1166,True
1167,False
1168,False
1169,False
1170,False
1171,False
1172,True
1173,True
1174,False
1175,True
1176,False
1177,False
1178,True
1179,True
1180,False
1181,True
1182,False
1183,True
1184,True
1185,False
1186,False
1187,True
1188,True
1189,False
1190,True
1191,False
1192,False
1193,True
1194,False
1195,False
1196,False
1197,False
1198,True
1199,True
1200,False
1201,False
1202,False
1203,False
1204,False
1205,False
1206,False
1207,False
1208,True
1209,False
1210,False
1211,True
1212,False
1213,False
1214,False
1215,True
1216,True
1217,True
1218,False
1219,False
1220,True
1221,True
1222,False
1223,False
1224,True
1225,False
1226,True
1227,False
1228,True
1229,True
1230,True
1231,True
1232,False
1233,True
1234,True
1235,True
1236,False
1237,False
1238,True
1239,False
1240,False
1241,True
1242,False
1243,False
1244,False
1245,False
1246,False
1247,False
1248,True
1249,False
1250,True
1251,False
1252,False
1253,False
1254,False
1255,False
1256,True
1257,False
1258,True
1259,False
1260,True
1261,False
1262,True
1263,False
1264,False
1265,True
1266,False
1267,False
1268,False
1269,False
1270,False
1271,False
1272,False
1273,False
1274,False
1275,False
1276,False
1277,True
1278,False
1279,False
1280,True
1281,False
1282,False
1283,True
1284,False
1285,False
1286,False
1287,False
1288,False
1289,True
1290,False
1291,False
1292,True
1293,True
1294,False
1295,True
1296,False
1297,False
1298,True
1299,False
1300,False
1301,True
1302,False
1303,False
1304,True
1305,False
1306,False
1307,True
1308,False
1309,True
1310,True
1311,False
1312,False
1313,True
1314,False
1315,False
1316,False
1317,False
1318,False
1319,True
1320,False
1321,False
1322,True
1323,False
1324,False
1325,True
1326,False
1327,False
1328,False
1329,False
1330,False
1331,True
1332,False
1333,False
1334,False
1335,False
1336,False
1337,False
1338,False
1339,False
1340,False
1341,False
1342,False
1343,False
1344,False
1345,False
1346,True
1347,True
1348,False
1349,True
1350,False
1351,False
1352,False
1353,False
1354,False
1355,True
1356,True
1357,True
1358,True
1359,False
1360,True
1361,True
1362,True
1363,True
1364,True
1365,False
1366,True
1367,True
1368,False
1369,True
1370,True
1371,False
1372,True
1373,False
1374,False
1375,True
1376,True
1377,False
1378,False
1379,True
1380,False
1381,False
1382,True
1383,False
1384,False
1385,True
1386,True
1387,True
1388,False
1389,True
1390,False
1391,True
1392,True
1393,True
1394,True
1395,True
1396,True
1397,True
1398,False
1399,False
1400,True
1401,True
1402,False
1403,True
1404,False
1405,False
1406,True
1407,False
1408,False
1409,True
1410,False
1411,True
1412,False
1413,False
1414,False
1415,True
1416,True
1417,False
1418,False
1419,False
1420,False
1421,False
1422,True
1423,False
1424,True
1425,False
1426,False
1427,True
1428,False
1429,False
1430,False
1431,False
1432,False
1433,False
1434,False
1435,False
1436,False
1437,False
1438,False
1439,False
1440,False
1441,False
1442,False
1443,True
1444,False
1445,True
1446,False
1447,True
1448,True
1449,False
1450,True
1451,False
1452,False
1453,False
1454,False
1455,False
1456,False
1457,False
1458,False
1459,False
1460,False
1461,False
1462,False
1463,False
1464,False
1465,False
1466,False
1467,False
1468,False
1469,False
1470,False
1471,False
1472,False
1473,False
1474,False
1475,True
1476,False
1477,False
1478,False
1479,True
1480,False
1481,False
1482,False
1483,True
1484,True
1485,True
1486,True
1487,False
1488,False
1489,False
1490,False
1491,False
1492,False
1493,False
1494,False
1495,False
1496,True
1497,True
1498,True
1499,True
1500,True
1501,False
1502,True
1503,False
1504,False
1505,False
1506,False
1507,True
1508,True
1509,False
1510,False
1511,False
1512,False
1513,True
1514,True
1515,False
1516,True
1517,True
1518,False
1519,True
1520,True
1521,False
1522,True
1523,True
1524,True
1525,True
1526,True
1527,True
1528,False
1529,True
1530,False
1531,True
1532,True
1533,False
1534,False
1535,True
1536,False
1537,False
1538,True
1539,True
1540,False
1541,True
1542,True
1543,True
1544,True
1545,False
1546,False
1547,True
1548,False
1549,False
1550,True
1551,False
1552,False
1553,False
1554,False
1555,False
1556,True
1557,False
1558,False
1559,True
1560,False
1561,False
1562,True
1563,False
1564,False
1565,False
1566,False
1567,False
1568,False
1569,True
1570,False
1571,True
1572,True
1573,False
1574,True
1575,False
1576,False
1577,False
1578,False
1579,False
1580,False
1581,False
1582,False
1583,False
1584,False
1585,False
1586,False
1587,False
1588,False
1589,False
1590,False
1591,False
1592,True
1593,False
1594,False
1595,True
1596,False
1597,False
1598,False
1599,False
1600,False
1601,True
1602,False
1603,False
1604,False
1605,False
1606,True
1607,True
1608,False
1609,False
1610,False
1611,False
1612,False
1613,True
1614,True
1615,True
1616,False
1617,True
1618,False
1619,True
1620,False
1621,False
1622,True
1623,False
1624,False
1625,False
1626,False
1627,False
1628,False
1629,True
1630,False
1631,False
1632,False
1633,False
1634,True
1635,False
1636,False
1637,True
1638,False
1639,False
1640,True
1641,False
1642,False
1643,True
1644,False
1645,False
1646,True
1647,False
1648,False
1649,True
1650,False
1651,False
1652,False
1653,False
1654,False
1655,False
1656,True
1657,False
1658,False
1659,False
1660,True
1661,False
1662,False
1663,False
1664,True
1665,False
1666,False
1667,False
1668,False
1669,False
1670,False
1671,False
1672,False
1673,True
1674,True
1675,False
1676,False
1677,False
1678,False
1679,False
1680,True
1681,True
1682,True
1683,False
1684,False
1685,True
1686,True
1687,False
1688,True
1689,False
1690,False
1691,True
1692,False
1693,True
1694,True
1695,False
1696,False
1697,True
1698,False
1699,False
1700,True
1701,True
1702,False
1703,True
1704,False
1705,False
1706,False
1707,False
1708,False
1709,True
1710,False
1711,False
1712,True
1713,False
1714,False
1715,False
1716,False
1717,False
1718,False
1719,False
1720,False
1721,True
1722,False
1723,False
1724,True
1725,True
1726,True
1727,True
1728,False
1729,False
1730,True
1731,False
1732,False
1733,True
1734,False
1735,False
1736,True
1737,False
1738,False
1739,True
1740,False
1741,False
1742,True
1743,False
1744,False
1745,True
1746,False
1747,False
1748,True
1749,True
1750,False
1751,True
1752,False
1753,False
1754,True
1755,False
1756,False
1757,True
1758,True
1759,False
1760,True
1761,False
1762,False
1763,False
1764,False
1765,False
1766,True
1767,True
1768,False
1769,True
1770,False
1771,False
1772,True
1773,True
1774,False
1775,True
1776,False
1777,False
1778,False
1779,False
1780,False
1781,False
1782,False
1783,False
1784,False
1785,False
1786,False
1787,True
1788,False
1789,False
1790,True
1791,False
1792,False
1793,True
1794,False
1795,True
1796,False
1797,False
1798,False
1799,True
1800,False
1801,False
1802,False
1803,False
1804,False
1805,True
1806,False
1807,False
1808,False
1809,False
1810,False
1811,True
1812,False
1813,False
1814,True
1815,False
1816,False
1817,True
1818,False
1819,False
1820,True
1821,False
1822,False
1823,False
1824,False
1825,False
1826,True
1827,False
1828,False
1829,True
1830,True
1831,False
1832,True
1833,False
1834,False
1835,False
1836,True
1837,False
1838,True
1839,False
1840,True
1841,True
1842,False
1843,False
1844,True
1845,False
1846,False
1847,False
1848,False
1849,False
1850,False
1851,True
1852,False
1853,True
1854,False
1855,False
1856,True
1857,False
1858,False
1859,False
1860,False
1861,False
1862,False
1863,False
1864,False
1865,True
1866,False
1867,False
1868,True
1869,False
1870,False
1871,True
1872,False
1873,False
1874,False
1875,False
1876,False
1877,False
1878,False
1879,False
1880,True
1881,False
1882,False
1883,True
1884,False
1885,True
1886,True
1887,True
1888,True
1889,True
1890,False
1891,False
1892,False
1893,False
1894,True
1895,False
1896,False
1897,False
1898,False
1899,False
1900,False
1901,False
1902,False
1903,False
1904,True
1905,False
1906,False
1907,False
1908,True
1909,False
1910,True
1911,False
1912,True
1913,True
1914,True
1915,True
1916,False
1917,False
1918,False
1919,False
1920,False
1921,False
1922,True
1923,False
1924,False
1925,True
1926,False
1927,False
1928,True
1929,True
1930,False
1931,True
1932,True
1933,True
1934,False
1935,False
1936,False
1937,True
1938,True
1939,True
1940,True
1941,True
1942,True
1943,False
1944,False
1945,False
1946,False
1947,False
1948,False
1949,False
1950,False
1951,False
1952,True
1953,False
1954,False
1955,True
1956,False
1957,False
1958,False
1959,False
1960,False
1961,False
1962,False
1963,False
1964,False
1965,False
1966,False
1967,True
1968,False
1969,False
1970,True
1971,False
1972,False
1973,True
1974,False
1975,False
1976,False
1977,False
1978,False
1979,False
1980,False
1981,False
1982,False
1983,False
1984,False
1985,False
1986,False
1987,False
1988,True
1989,True
1990,False
1991,False
1992,False
1993,True
1994,False
1995,False
1996,False
1997,False
1998,True
1999,False
2000,True
2001,False
2002,False
2003,True
2004,False
2005,False
2006,False
2007,True
2008,False
2009,False
2010,False
2011,False
2012,False
2013,False
2014,False
2015,True
2016,False
2017,False
2018,False
2019,False
2020,False
2021,True
2022,False
2023,False
2024,False
2025,False
2026,False
2027,True
2028,False
2029,False
2030,True
2031,False
2032,False
2033,False
2034,False
2035,False
2036,False
2037,False
2038,False
2039,False
2040,False
2041,False
2042,False
2043,False
2044,True
2045,True
2046,False
2047,False
2048,True
2049,False
2050,False
2051,False
2052,False
2053,False
2054,False
2055,False
2056,True
2057,True
2058,False
2059,False
2060,True
2061,True
2062,False
2063,False
2064,True
2065,False
2066,False
2067,False
2068,False
2069,True
2070,False
2071,False
2072,False
2073,False
2074,False
2075,False
2076,False
2077,False
2078,True
2079,False
2080,False
2081,True
2082,False
2083,False
2084,True
2085,False
2086,False
2087,False
2088,False
2089,False
2090,True
2091,False
2092,False
2093,True
2094,False
2095,False
2096,True
2097,False
2098,False
2099,True
2100,False
2101,False
2102,True
2103,False
2104,False
2105,True
2106,False
2107,False
2108,False
2109,False
2110,False
2111,True
2112,True
2113,False
2114,True
2115,False
2116,False
2117,False
2118,False
2119,True
2120,False
2121,False
2122,False
2123,True
2124,True
2125,False
2126,True
2127,False
2128,False
2129,True
2130,True
2131,False
2132,True
2133,False
2134,False
2135,True
2136,False
2137,False
2138,True
2139,True
2140,False
2141,False
2142,False
2143,False
2144,False
2145,False
2146,False
2147,True
2148,True
2149,False
2150,True
2151,False
2152,False
2153,False
2154,False
2155,False
2156,True
2157,False
2158,False
2159,False
2160,False
2161,False
2162,True
2163,False
2164,False
2165,True
2166,False
2167,False
2168,False
2169,False
2170,False
2171,False
2172,True
2173,True
2174,True
2175,False
2176,False
2177,True
2178,False
2179,False
2180,False
2181,False
2182,False
2183,False
2184,False
2185,False
2186,False
2187,False
2188,False
2189,True
2190,False
2191,False
2192,False
2193,False
2194,False
2195,False
2196,True
2197,False
2198,False
2199,False
2200,False
2201,False
2202,False
2203,False
2204,False
2205,False
2206,False
2207,True
2208,False
2209,False
2210,False
2211,True
2212,False
2213,False
2214,False
2215,False
2216,True
2217,False
2218,False
2219,True
2220,True
2221,False
2222,True
2223,False
2224,False
2225,True
2226,False
2227,False
2228,False
2229,False
2230,False
2231,False
2232,False
2233,True
2234,True
2235,False
2236,False
2237,False
2238,False
2239,False
2240,True
2241,False
2242,False
2243,True
2244,False
2245,False
2246,True
2247,False
2248,False
2249,False
2250,False
2251,False
2252,False
2253,False
2254,False
2255,False
2256,True
2257,True
2258,True
2259,False
2260,False
2261,True
2262,False
2263,False
2264,True
2265,False
2266,False
2267,True
2268,False
2269,False
2270,True
2271,True
2272,False
2273,True
2274,False
2275,False
2276,True
2277,True
2278,False
2279,True
2280,False
2281,False
2282,False
2283,False
2284,False
2285,False
2286,False
2287,False
2288,True
2289,False
2290,False
2291,True
2292,False
2293,False
2294,True
2295,False
2296,False
2297,True
2298,False
2299,False
2300,True
2301,False
2302,False
2303,False
2304,False
2305,False
2306,True
2307,False
2308,False
2309,False
2310,True
2311,False
2312,True
2313,False
2314,False
2315,True
2316,False
2317,False
2318,True
2319,True
2320,False
2321,False
2322,False
2323,False
2324,True
2325,False
2326,False
2327,False
2328,False
2329,False
2330,False
2331,True
2332,False
2333,True
2334,False
2335,False
2336,False
2337,False
2338,False
2339,True
2340,False
2341,False
2342,False
2343,False
2344,True
2345,False
2346,False
2347,False
2348,True
2349,False
2350,False
2351,True
2352,False
2353,True
2354,True
2355,False
2356,False
2357,True
2358,False
2359,False
2360,True
2361,False
2362,False
2363,True
2364,False
2365,False
2366,True
2367,False
2368,False
2369,True
2370,True
2371,True
2372,False
2373,False
2374,False
2375,False
2376,False
2377,True
2378,True
2379,False
2380,False
2381,False
2382,False
2383,False
2384,True
2385,False
2386,False
2387,True
2388,False
2389,False
2390,True
2391,False
2392,False
2393,True
2394,True
2395,False
2396,True
2397,True
2398,False
2399,True
2400,False
2401,True
2402,True
2403,False
2404,False
2405,True
2406,False
2407,False
2408,False
2409,False
2410,False
2411,True
2412,False
2413,False
2414,True
2415,False
2416,False
2417,True
2418,False
2419,False
2420,False
2421,False
2422,False
2423,True
2424,False
2425,False
2426,True
2427,False
2428,False
2429,True
2430,False
2431,False
2432,True
2433,False
2434,False
2435,True
2436,False
2437,False
2438,True
2439,False
2440,False
2441,False
2442,False
2443,False
2444,False
2445,False
2446,True
2447,True
2448,False
2449,False
2450,True
2451,False
2452,False
2453,True
2454,True
2455,False
2456,True
2457,False
2458,False
2459,False
2460,True
2461,False
2462,True
2463,False
2464,False
2465,True
2466,False
2467,False
2468,False
2469,False
2470,False
2471,True
2472,False
2473,False
2474,True
2475,False
2476,False
2477,True
2478,False
2479,False
2480,False
2481,False
2482,False
2483,True
2484,False
2485,True
2486,True
2487,False
2488,False
2489,True
2490,False
2491,False
2492,True
2493,False
2494,False
2495,True
2496,False
2497,False
2498,True
2499,False
2500,False
2501,False
2502,False
2503,False
2504,True
2505,False
2506,False
2507,False
2508,True
2509,False
2510,True
2511,False
2512,False
2513,True
2514,False
2515,False
2516,True
2517,False
2518,False
2519,False
2520,False
2521,False
2522,True
2523,False
2524,False
2525,True
2526,False
2527,False
2528,True
2529,False
2530,True
2531,True
2532,False
2533,False
2534,False
2535,False
2536,False
2537,True
2538,True
2539,False
2540,True
2541,False
2542,False
2543,False
2544,False
2545,True
2546,False
2547,True
2548,False
2549,False
2550,False
2551,True
2552,True
2553,False
2554,False
2555,True
2556,False
2557,False
2558,False
2559,False
2560,False
2561,True
2562,False
2563,False
2564,True
2565,False
2566,False
2567,True
2568,False
2569,False
2570,False
2571,False
2572,False
2573,True
2574,False
2575,False
2576,True
2577,False
2578,False
2579,False
2580,False
2581,False
2582,True
2583,False
2584,False
2585,False
2586,False
2587,False
2588,True
2589,False
2590,False
2591,True
2592,False
2593,False
2594,True
2595,False
2596,False
2597,True
2598,True
2599,False
2600,True
2601,False
2602,False
2603,True
2604,False
2605,False
2606,True
2607,True
2608,False
2609,True
2610,False
2611,False
2612,False
2613,False
2614,False
2615,True
2616,False
2617,False
2618,False
2619,False
2620,False
2621,True
2622,False
2623,False
2624,False
2625,True
2626,False
2627,False
2628,False
2629,False
2630,False
2631,False
2632,False
2633,True
2634,False
2635,False
2636,True
2637,False
2638,False
2639,True
2640,False
2641,False
2642,True
2643,False
2644,False
2645,True
2646,False
2647,False
2648,True
2649,True
2650,False
2651,False
2652,False
2653,False
2654,False
2655,False
2656,False
2657,True
2658,False
2659,False
2660,True
2661,False
2662,False
2663,True
2664,False
2665,False
2666,True
2667,False
2668,False
2669,True
2670,False
2671,False
2672,True
2673,False
2674,False
2675,False
2676,False
2677,False
2678,True
2679,False
2680,False
2681,True
2682,False
2683,False
2684,False
2685,False
2686,False
2687,True
2688,False
2689,False
2690,False
2691,False
2692,False
2693,True
2694,False
2695,False
2696,True
2697,False
2698,False
2699,False
2700,False
2701,False
2702,False
2703,False
2704,False
2705,False
2706,False
2707,False
2708,True
2709,False
2710,False
2711,False
2712,False
2713,False
2714,False
2715,False
2716,False
2717,False
2718,False
2719,False
2720,False
2721,False
2722,False
2723,False
2724,False
2725,False
2726,True
2727,False
2728,False
2729,False
2730,False
2731,False
2732,True
2733,False
2734,False
2735,False
2736,False
2737,False
2738,False
2739,False
2740,False
2741,False
2742,False
2743,False
2744,False
2745,False
2746,False
2747,True
2748,False
2749,False
2750,False
2751,False
2752,False
2753,True
2754,False
2755,False
2756,False
2757,False
2758,False
2759,False
2760,False
2761,False
2762,False
2763,False
2764,False
2765,False
2766,False
2767,False
2768,False
2769,False
2770,False
2771,False
2772,False
2773,False
2774,False
2775,False
2776,False
2777,True
2778,False
2779,False
2780,True
2781,False
2782,True
2783,True
2784,False
2785,False
2786,True
2787,False
2788,False
2789,False
2790,False
2791,False
2792,True
2793,False
2794,False
2795,False
2796,False
2797,False
2798,True
2799,False
2800,False
2801,False
2802,False
2803,True
2804,True
2805,False
2806,False
2807,False
2808,False
2809,False
2810,True
2811,True
2812,True
2813,True
2814,True
2815,False
2816,False
2817,False
2818,False
2819,False
2820,False
2821,False
2822,True
2823,False
2824,False
2825,True
2826,False
2827,False
2828,False
2829,True
2830,False
2831,True
2832,True
2833,False
2834,True
2835,True
2836,False
2837,True
2838,False
2839,False
2840,True
2841,True
2842,False
2843,True
2844,False
2845,True
2846,True
2847,False
2848,False
2849,True
2850,True
2851,False
2852,True
2853,False
2854,False
2855,True
2856,False
2857,False
2858,True
2859,True
2860,False
2861,True
2862,False
2863,False
2864,True
2865,False
2866,False
2867,True
2868,False
2869,False
2870,True
2871,True
2872,False
2873,True
2874,False
2875,False
2876,False
2877,False
2878,False
2879,True
2880,False
2881,False
2882,False
2883,False
2884,False
2885,True
2886,False
2887,True
2888,False
2889,False
2890,False
2891,True
2892,True
2893,False
2894,True
2895,False
2896,False
2897,True
2898,False
2899,False
2900,True
2901,False
2902,False
2903,False
2904,False
2905,False
2906,True
2907,False
2908,False
2909,False
2910,False
2911,False
2912,False
2913,False
2914,False
2915,True
2916,False
2917,False
2918,False
2919,False
2920,False
2921,True
2922,False
2923,False
2924,False
2925,False
2926,False
2927,False
2928,False
2929,False
2930,True
2931,False
2932,False
2933,False
2934,False
2935,False
2936,True
2937,False
2938,False
2939,False
2940,False
2941,False
2942,False
2943,False
2944,True
2945,True
2946,True
2947,False
2948,True
2949,False
2950,False
2951,False
2952,False
2953,False
2954,True
2955,False
2956,False
2957,True
2958,False
2959,False
2960,True
2961,False
2962,False
2963,True
2964,False
2965,False
2966,True
2967,False
2968,False
2969,False
2970,False
2971,False
2972,True
2973,False
2974,False
2975,False
2976,False
2977,False
2978,False
2979,False
2980,False
2981,False
2982,False
2983,False
2984,False
2985,False
2986,False
2987,True
2988,False
2989,False
2990,True
2991,False
2992,False
2993,False
2994,False
2995,False
2996,False
2997,False
2998,False
2999,False
3000,False
3001,False
3002,False
3003,True
3004,False
3005,True
3006,False
3007,False
3008,False
3009,False
3010,False
3011,False
3012,False
3013,False
3014,False
3015,False
3016,False
3017,False
3018,True
3019,False
3020,True
3021,False
3022,False
3023,True
3024,False
3025,False
3026,True
3027,True
3028,False
3029,True
3030,False
3031,False
3032,True
3033,False
3034,False
3035,True
3036,False
3037,False
3038,True
3039,False
3040,False
3041,True
3042,False
3043,False
3044,False
3045,False
3046,False
3047,True
3048,False
3049,False
3050,False
3051,False
3052,False
3053,True
3054,False
3055,False
3056,False
3057,False
3058,False
3059,False
3060,False
3061,False
3062,False
3063,False
3064,False
3065,False
3066,False
3067,False
3068,False
3069,False
3070,False
3071,False
3072,False
3073,False
3074,True
3075,False
3076,False
3077,False
3078,False
3079,False
3080,False
3081,False
3082,False
3083,True
3084,False
3085,False
3086,True
3087,False
3088,False
3089,False
3090,False
3091,False
3092,False
3093,False
3094,False
3095,False
3096,False
3097,False
3098,True
3099,False
3100,False
3101,False
3102,False
3103,False
3104,False
3105,False
3106,False
3107,False
3108,False
3109,False
3110,False
3111,False
3112,False
3113,True
3114,False
3115,False
3116,True
3117,False
3118,False
3119,False
3120,False
3121,False
3122,False
3123,False
3124,False
3125,True
3126,False
3127,False
3128,True
3129,False
3130,False
3131,False
3132,False
3133,False
3134,False
3135,False
3136,False
3137,False
3138,False
3139,False
3140,True
3141,False
3142,False
3143,True
3144,False
3145,False
3146,False
3147,False
3148,False
3149,False
3150,False
3151,False
3152,True
3153,False
3154,False
3155,False
3156,False
3157,False
3158,True
3159,False
3160,False
3161,False
3162,True
3163,False
3164,True
3165,False
3166,False
3167,False
3168,False
3169,False
3170,True
3171,False
3172,False
3173,False
3174,False
3175,False
3176,True
3177,False
3178,False
3179,False
3180,True
3181,False
3182,True
3183,False
3184,False
3185,True
3186,False
3187,False
3188,True
3189,False
3190,False
3191,True
3192,False
3193,False
3194,False
3195,False
3196,False
3197,True
3198,False
3199,False
3200,True
3201,False
3202,False
3203,True
3204,True
3205,False
3206,False
3207,False
3208,False
3209,False
3210,False
3211,False
3212,False
3213,False
3214,False
3215,True
3216,False
3217,False
3218,False
3219,False
3220,False
3221,False
3222,False
3223,False
3224,False
3225,True
3226,False
3227,True
3228,False
3229,False
3230,True
3231,False
3232,False
3233,True
3234,True
3235,False
3236,True
3237,False
3238,False
3239,True
3240,False
3241,False
3242,False
3243,False
3244,False
3245,True
3246,False
3247,False
3248,True
3249,False
3250,False
3251,True
3252,False
3253,False
3254,False
3255,False
3256,False
3257,True
3258,False
3259,False
3260,False
3261,False
3262,False
3263,True
3264,False
3265,False
3266,True
3267,False
3268,False
3269,False
3270,False
3271,False
3272,True
3273,False
3274,False
3275,True
3276,False
3277,False
3278,True
3279,False
3280,False
3281,True
3282,False
3283,False
3284,False
3285,False
3286,False
3287,False
3288,False
3289,False
3290,True
3291,False
3292,False
3293,False
3294,False
3295,False
3296,False
3297,False
3298,False
3299,True
3300,False
3301,False
3302,False
3303,False
3304,False
3305,True
3306,True
3307,True
3308,False
3309,False
3310,False
3311,False
3312,False
3313,False
3314,False
3315,False
3316,True
3317,True
3318,True
3319,True
3320,True
3321,False
3322,False
3323,False
3324,False
3325,False
3326,True
3327,False
3328,False
3329,False
3330,False
3331,False
3332,True
3333,False
3334,False
3335,False
3336,False
3337,False
3338,True
3339,False
3340,False
3341,True
3342,False
3343,False
3344,True
3345,False
3346,False
3347,True
3348,False
3349,False
3350,True
3351,False
3352,False
3353,False
3354,False
3355,False
3356,True
3357,True
3358,True
3359,True
3360,False
3361,False
3362,True
3363,False
3364,False
3365,True
3366,False
3367,False
3368,False
3369,False
3370,False
3371,True
3372,False
3373,False
3374,False
3375,False
3376,False
3377,True
3378,False
3379,False
3380,False
3381,False
3382,False
3383,True
3384,True
3385,False
3386,True
3387,False
3388,False
3389,True
3390,False
3391,True
3392,False
3393,False
3394,False
3395,False
3396,False
3397,False
3398,False
3399,False
3400,False
3401,False
3402,False
3403,False
3404,True
3405,False
3406,False
3407,True
3408,False
3409,False
3410,True
3411,False
3412,False
3413,True
3414,False
3415,False
3416,False
3417,False
3418,False
3419,True
3420,False
3421,False
3422,True
3423,False
3424,False
3425,True
3426,False
3427,False
3428,False
3429,False
3430,False
3431,True
3432,False
3433,False
3434,True
3435,False
3436,False
3437,False
3438,False
3439,False
3440,False
3441,False
3442,False
3443,True
3444,False
3445,False
3446,False
3447,False
3448,False
3449,True
3450,False
3451,False
3452,False
3453,False
3454,False
3455,False
3456,False
3457,False
3458,True
3459,False
3460,False
3461,True
3462,False
3463,False
3464,True
3465,True
3466,False
3467,False
3468,False
3469,False
3470,True
3471,False
3472,False
3473,True
3474,False
3475,False
3476,True
3477,False
3478,False
3479,False
3480,False
3481,False
3482,True
3483,False
3484,False
3485,True
3486,False
3487,False
3488,False
3489,False
3490,False
3491,False
3492,False
3493,False
3494,True
3495,False
3496,False
3497,False
3498,False
3499,False
3500,False
3501,False
3502,False
3503,True
3504,False
3505,False
3506,False
3507,False
3508,False
3509,False
3510,False
3511,False
3512,False
3513,False
3514,False
3515,False
3516,False
3517,False
3518,False
3519,False
3520,False
3521,False
3522,False
3523,False
3524,True
3525,False
3526,False
3527,True
3528,False
3529,False
3530,False
3531,False
3532,False
3533,True
3534,False
3535,False
3536,False
3537,False
3538,False
3539,False
3540,False
3541,False
3542,True
3543,False
3544,False
3545,True
3546,False
3547,False
3548,False
3549,True
3550,False
3551,True
3552,False
3553,False
3554,False
3555,True
3556,False
3557,False
3558,False
3559,False
3560,True
3561,False
3562,False
3563,True
3564,False
3565,False
3566,False
3567,False
3568,False
3569,False
3570,False
3571,True
3572,True
3573,False
3574,False
3575,False
3576,False
3577,False
3578,False
3579,False
3580,False
3581,False
3582,True
3583,False
3584,True
3585,False
3586,False
3587,True
3588,False
3589,False
3590,False
3591,False
3592,False
3593,True
3594,True
3595,False
3596,False
3597,False
3598,False
3599,False
3600,False
3601,False
3602,True
3603,False
3604,False
3605,True
3606,False
3607,False
3608,False
3609,False
3610,False
3611,False
3612,False
3613,False
3614,False
3615,False
3616,False
3617,True
3618,False
3619,False
3620,False
3621,False
3622,False
3623,False
3624,True
3625,False
3626,True
3627,False
3628,False
3629,True
3630,False
3631,False
3632,False
3633,False
3634,False
3635,False
3636,False
3637,False
3638,False
3639,False
3640,False
3641,True
3642,False
3643,False
3644,True
3645,False
3646,False
3647,True
3648,False
3649,False
3650,True
3651,False
3652,False
3653,False
3654,False
3655,False
3656,False
3657,False
3658,False
3659,False
3660,False
3661,False
3662,False
3663,False
3664,False
3665,True
3666,False
3667,False
3668,False
3669,False
3670,False
3671,True
3672,False
3673,False
3674,False
3675,False
3676,False
3677,False
3678,False
3679,False
3680,True
3681,False
3682,False
3683,True
3684,False
3685,False
3686,True
3687,True
3688,False
3689,True
3690,True
3691,False
3692,True
3693,False
3694,True
3695,True
3696,True
3697,False
3698,True
3699,True
3700,False
3701,True
3702,False
3703,False
3704,False
3705,False
3706,True
3707,True
3708,False
3709,True
3710,True
3711,False
3712,False
3713,True
3714,True
3715,False
3716,True
3717,False
3718,False
3719,False
3720,False
3721,False
3722,False
3723,False
3724,True
3725,True
3726,True
3727,False
3728,True
3729,False
3730,False
3731,True
3732,False
3733,False
3734,True
3735,False
3736,False
3737,True
3738,False
3739,False
3740,True
3741,False
3742,False
3743,True
3744,False
3745,False
3746,True
3747,True
3748,True
3749,True
3750,False
3751,False
3752,True
3753,False
3754,False
3755,True
3756,True
3757,True
3758,True
3759,False
3760,False
3761,True
3762,False
3763,False
3764,True
3765,False
3766,False
3767,False
3768,False
3769,False
3770,False
3771,False
3772,False
3773,True
3774,False
3775,False
3776,True
3777,False
3778,False
3779,False
3780,False
3781,True
3782,False
3783,False
3784,False
3785,False
3786,False
3787,False
3788,False
3789,False
3790,False
3791,True
3792,False
3793,False
3794,False
3795,True
3796,False
3797,False
3798,False
3799,False
3800,False
3801,False
3802,False
3803,False
3804,False
3805,False
3806,False
3807,False
3808,False
3809,False
3810,False
3811,False
3812,False
3813,False
3814,False
3815,True
3816,False
3817,False
3818,True
3819,False
3820,False
3821,False
3822,False
3823,False
3824,False
3825,False
3826,False
3827,False
3828,False
3829,False
3830,False
3831,False
3832,False
3833,True
3834,False
3835,False
3836,False
3837,False
3838,False
3839,False
